<?xml version="1.0" encoding="UTF-8"?>
<project-private xmlns="http://www.netbeans.org/ns/project-private/1">
    <editor-bookmarks xmlns="http://www.netbeans.org/ns/editor-bookmarks/2" lastBookmarkId="0"/>
    <open-files xmlns="http://www.netbeans.org/ns/projectui-open-files/2">
        <group>
            <file>file:/F:/Theuser01/DIU%20Assignmests/4th%20Semester/Object%20Oriented%20Concept/Java%20Practice/Airways%20management%20system/src/ams/Message.java</file>
            <file>file:/F:/Theuser01/DIU%20Assignmests/4th%20Semester/Object%20Oriented%20Concept/Java%20Practice/Airways%20management%20system/src/ams/Ticket_price.java</file>
            <file>file:/F:/Theuser01/DIU%20Assignmests/4th%20Semester/Object%20Oriented%20Concept/Java%20Practice/Airways%20management%20system/src/ams/Main.java</file>
            <file>file:/F:/Theuser01/DIU%20Assignmests/4th%20Semester/Object%20Oriented%20Concept/Java%20Practice/Airways%20management%20system/src/ams/Ticket_info.java</file>
            <file>file:/F:/Theuser01/DIU%20Assignmests/4th%20Semester/Object%20Oriented%20Concept/Java%20Practice/Airways%20management%20system/src/ams/Ams_interface.java</file>
        </group>
    </open-files>
</project-private>
